{
  "objective": [
    0.3095284909590296,
    0.30940110515041497,
    0.3092847461599931,
    0.30920474551049937,
    0.3091944209707459,
    0.3091846973633621,
    0.3091708962713279,
    0.309158282088566,
    0.3091508370010842,
    0.26357833688743254,
    0.26302612397247965,
    0.25710189604210815,
    0.2568444228571037,
    0.2509782917310832,
    0.25201930066312633,
    0.2476321526475569,
    0.24930351279432217,
    0.24444115490641022,
    0.2450926780803952,
    0.2402388350369178,
    0.2424065126400863,
    0.23868045215485775,
    0.24119832126388077,
    0.23703685994645446,
    0.23898877905077084,
    0.23551332137063302,
    0.23643620107999436,
    0.23407598627146775,
    0.23448735028398568,
    0.23197524875961797
  ],
  "mse": [
    0.5303713265522001,
    0.530300437367297,
    0.5302407653619875,
    0.5302889880906555,
    0.5302236568727481,
    0.5301605139457092,
    0.5299689740023205,
    0.5298537614842671,
    0.5297698366449817,
    0.5226169396267075,
    0.5212020567196354,
    0.5058920948620014,
    0.5097161367168621,
    0.49650909306188074,
    0.5008431399826647,
    0.4921416594417434,
    0.4938981154016871,
    0.4812362526895428,
    0.48625257315136206,
    0.4774444736203299,
    0.4822074517245294,
    0.47409540776526615,
    0.4792615656411803,
    0.471499629520653,
    0.4738346621060339,
    0.4681954351579016,
    0.4709714274589828,
    0.4644195188231915,
    0.464784099826199,
    0.46156115956623
  ],
  "sparsity": [
    70.45454545454545,
    70.45454545454545,
    70.45454545454545,
    72.72727272727273,
    72.72727272727273,
    72.72727272727273,
    75.0,
    75.0,
    77.27272727272727,
    75.0,
    72.72727272727273,
    72.72727272727273,
    70.45454545454545,
    70.45454545454545,
    70.45454545454545,
    70.45454545454545,
    65.90909090909092,
    65.90909090909092,
    63.63636363636363,
    63.63636363636363,
    63.63636363636363,
    63.63636363636363,
    63.63636363636363,
    61.36363636363637,
    56.81818181818181,
    56.81818181818181,
    56.81818181818181,
    50.0,
    45.45454545454546,
    45.45454545454546
  ],
  "n_nonzero": [
    13.0,
    13.0,
    13.0,
    12.0,
    12.0,
    12.0,
    11.0,
    11.0,
    10.0,
    11.0,
    12.0,
    12.0,
    13.0,
    13.0,
    13.0,
    13.0,
    15.0,
    15.0,
    16.0,
    16.0,
    16.0,
    16.0,
    16.0,
    17.0,
    19.0,
    19.0,
    19.0,
    22.0,
    24.0,
    24.0
  ],
  "step_size": [
    0.020000000000000004,
    0.020000000000000004,
    0.020000000000000004,
    0.020000000000000004,
    0.020000000000000004,
    0.020000000000000004,
    0.020000000000000004,
    0.020000000000000004,
    0.020000000000000004,
    0.019999999999974528,
    0.019047619047593993,
    0.01809523809521356,
    0.01714285714283386,
    0.016190476190453572,
    0.01523809523807389,
    0.014285714285694284,
    0.013333333333314677,
    0.012380952380934025,
    0.011428571428554414,
    0.010476190476174351,
    0.009523809523794856,
    0.008571428571415355,
    0.007619047619035964,
    0.006666666666656384,
    0.005714285714276596,
    0.004761904761896584,
    0.0038095238095172176,
    0.002857142857137905,
    0.0019999999999961004,
    0.001999999999995705
  ],
  "lambda_mean": [
    0.020000000000000004,
    0.020000000000000004,
    0.020000000000000004,
    0.020000000000000004,
    0.020000000000000004,
    0.020000000000000004,
    0.020000000000000004,
    0.020000000000000004,
    0.020000000000000004,
    0.019999999999974528,
    0.019047619047593993,
    0.01809523809521356,
    0.01714285714283386,
    0.016190476190453572,
    0.01523809523807389,
    0.014285714285694284,
    0.013333333333314677,
    0.012380952380934025,
    0.011428571428554414,
    0.010476190476174351,
    0.009523809523794856,
    0.008571428571415355,
    0.007619047619035964,
    0.006666666666656384,
    0.005714285714276596,
    0.004761904761896584,
    0.0038095238095172176,
    0.002857142857137905,
    0.0019999999999961004,
    0.001999999999995705
  ],
  "lambda_max": [
    0.02,
    0.02,
    0.02,
    0.02,
    0.02,
    0.02,
    0.02,
    0.02,
    0.02,
    0.02547767561359821,
    0.025055680268602606,
    0.024536041148622425,
    0.02328601147628602,
    0.022616142333934816,
    0.0213477704686032,
    0.01999616831016206,
    0.018657997701146112,
    0.018357846459491182,
    0.01700951333436665,
    0.01612582052101107,
    0.014668187741418797,
    0.013216010103737255,
    0.011654817209269312,
    0.010281600172652798,
    0.00911786066612541,
    0.008178707964136974,
    0.006592489008457644,
    0.004954240142165965,
    0.003899583012727789,
    0.004294777108402929
  ]
}