{
  "Ridge": {
    "test_mse": 0.5554717154828296,
    "test_rmse": 0.7452997487473275,
    "test_mae": 0.49872723928283874,
    "test_r2": 0.5761081275339719,
    "sparsity_pct": 0.0,
    "n_nonzero": 44,
    "n_features": 44,
    "train_time": 0.0630950927734375
  },
  "LASSO": {
    "test_mse": 0.5706327297891369,
    "test_rmse": 0.7554023628432314,
    "test_mae": 0.5477018071540083,
    "test_r2": 0.5645384461916939,
    "sparsity_pct": 77.27272727272727,
    "n_nonzero": 10,
    "n_features": 44,
    "train_time": 2.6355960369110107
  },
  "ElasticNet": {
    "test_mse": 0.5469352093774779,
    "test_rmse": 0.7395506807362683,
    "test_mae": 0.49753813515869677,
    "test_r2": 0.5826225106365749,
    "sparsity_pct": 2.272727272727273,
    "n_nonzero": 43,
    "n_features": 44,
    "train_time": 4.258813858032227
  },
  "APG-DST": {
    "test_mse": 0.5346697863627154,
    "test_rmse": 0.7312111776790037,
    "test_mae": 0.5076804597032459,
    "test_r2": 0.5919825068045099,
    "sparsity_pct": 45.45454545454545,
    "n_nonzero": 24,
    "n_features": 44,
    "train_time": 11.48914098739624
  }
}